[
  {
    "deviceName": "DeviceOne",
    "deviceIP": "192.168.1.1",
    "deviceID": "1",
    "status": true,
    "buttons": [
      {
        "buttonName": "BtnOne",
        "buttonCommand": "./HELLO WORLD",
        "deviceName": "DeviceOne"
      },
      {
        "buttonName": "BtnTwo",
        "buttonCommand": "./HELLO WORLD",
        "deviceName": "DeviceOne"
      },
      {
        "buttonName": "BtnThree",
        "buttonCommand": "./HELLO WORLD",
        "deviceName": "DeviceOne"
      }
    ]
  },
  {
    "deviceName": "DeviceTwo",
    "deviceIP": "192.168.1.2",
    "status": false,
    "deviceID": "2",
    "buttons": []
  },
  {
    "deviceName": "DeviceThree",
    "deviceIP": "192.168.1.3",
    "status": true,
    "deviceID": "3",
    "buttons": []
  },
  {
    "deviceName": "DeviceFour",
    "deviceIP": "192.168.1.4",
    "status": true,
    "deviceID": "4",
    "buttons": []
  },
  {
    "deviceName": "DeviceFive",
    "deviceIP": "192.168.1.5",
    "status": false,
    "deviceID": "5",
    "buttons": []
  }
]
